"","GEOID","NHW","CT","SP","HS","GOTV","Location","IRR","State","County"
"1",19001,0.977961819202695,0.575061728395062,0.303198887343533,0.869379014989293,0.632189973614776,"Adair County, Iowa",0.571056026194942,"Iowa","County"
"2",19003,0.982823403113258,0.794882047181128,0.182519280205656,0.883064516129032,0.651162790697674,"Adams County, Iowa",0.594904946322946,"Iowa","County"
"3",19005,0.967723342939481,0.660454230235784,0.200520833333333,0.911504424778761,0.621564885496183,"Allamakee County, Iowa",0.5461315318603,"Iowa","County"
"4",19007,0.971702637889688,0.780986547085202,0.267301038062284,0.833531510107015,0.598771121351766,"Appanoose County, Iowa",0.555164223453599,"Iowa","County"
"5",19009,0.971793507184673,0.76047476047476,0.312280701754386,0.885856079404467,0.699130434782609,"Audubon County, Iowa",0.575588811764951,"Iowa","County"
"6",19011,0.974674159057208,0.678964898795798,0.23549032688459,0.812599258867125,0.668219461697723,"Benton County, Iowa",0.523792227792297,"Iowa","County"
"7",19013,0.839672503364434,0.368029739776952,0.364398059679553,0.923971464868563,0.591090432114042,"Black Hawk County, Iowa",0.420777667344299,"Iowa","County"
"8",19015,0.96397590817834,0.801037552319755,0.264797507788162,0.900235294117647,0.639577706849988,"Boone County, Iowa",0.513293093486201,"Iowa","County"
"9",19017,0.962271003147446,0.607683615819209,0.21607476635514,0.935841451125294,0.661089187056038,"Bremer County, Iowa",0.511402432388772,"Iowa","County"
"10",19019,0.973917159763314,0.672733289212442,0.288747346072187,0.82457337883959,0.61839530332681,"Buchanan County, Iowa",0.525597893307882,"Iowa","County"
"11",19021,0.774136229022705,0.52593085106383,0.327685950413223,0.894333191308053,0.595929339477727,"Buena Vista County, Iowa",0.533730959947917,"Iowa","County"
"12",19023,0.975568374618256,0.735964294103829,0.236517218973359,0.929473684210526,0.620333041191937,"Butler County, Iowa",0.543651268518839,"Iowa","County"
"13",19025,0.957157464212679,0.799077632590315,0.334264432029795,0.884510869565217,0.623846153846154,"Calhoun County, Iowa",0.567995507537095,"Iowa","County"
"14",19027,0.990513173417224,0.675245262733503,0.277071459886015,0.871762476310802,0.641328175370729,"Carroll County, Iowa",0.532773553056745,"Iowa","County"
"15",19029,0.971192479721022,0.75283953295015,0.307212205270458,0.706758304696449,0.645695045695046,"Cass County, Iowa",0.544452532212562,"Iowa","County"
"16",19031,0.971753862835457,0.792529858849077,0.187039764359352,0.9136,0.63190053285968,"Cedar County, Iowa",0.532364145708196,"Iowa","County"
"17",19033,0.942024939512377,0.827259985984583,0.370442708333333,0.905366416618581,0.634184501845018,"Cerro Gordo County, Iowa",0.498561642554772,"Iowa","County"
"18",19035,0.947942099755842,0.618874773139746,0.4282982791587,0.949934123847167,0.636422764227642,"Cherokee County, Iowa",0.550710125771484,"Iowa","County"
"19",19037,0.980080998429622,0.80661658941985,0.20546875,0.852119958634953,0.65589519650655,"Chickasaw County, Iowa",0.548052280438307,"Iowa","County"
"20",19039,0.972419737125619,0.827449872917255,0.242685025817556,0.892586989409985,0.629691032403919,"Clarke County, Iowa",0.557907950097764,"Iowa","County"
"21",19041,0.953717893704408,0.793595434369055,0.329798515376458,0.83063829787234,0.647232178414974,"Clay County, Iowa",0.544637877743508,"Iowa","County"
"22",19043,0.974139882299683,0.608789431113508,0.320165094339623,0.851219512195122,0.625292397660819,"Clayton County, Iowa",0.543660884721006,"Iowa","County"
"23",19045,0.937672074208988,0.588346802354584,0.382637317424398,0.861782071927,0.585026006022447,"Clinton County, Iowa",0.490678035279158,"Iowa","County"
"24",19047,0.857985057202895,0.526610138913945,0.288135593220339,0.801633605600933,0.591319910514541,"Crawford County, Iowa",0.544878217310851,"Iowa","County"
"25",19049,0.911228304087998,0.766020593579649,0.15895816890292,0.861432706222865,0.663699213940714,"Dallas County, Iowa",0.466850193861961,"Iowa","County"
"26",19051,0.979741136747327,0.811980830670927,0.192558139534884,0.412857142857143,0.597738287560582,"Davis County, Iowa",0.57553889344535,"Iowa","County"
"27",19053,0.948657384385878,0.851564398788016,0.302955665024631,0.863859649122807,0.550708661417323,"Decatur County, Iowa",0.571802105371973,"Iowa","County"
"28",19055,0.977227952254027,0.709877641824249,0.248116254036598,0.93558282208589,0.65912380952381,"Delaware County, Iowa",0.532535125434273,"Iowa","County"
"29",19057,0.902979797979798,0.412522468544038,0.449294828744124,0.828302499188575,0.579771241830065,"Des Moines County, Iowa",0.494730355880393,"Iowa","County"
"30",19059,0.974085365853659,0.407360406091371,0.333683657383079,0.896137339055794,0.71887138145841,"Dickinson County, Iowa",0.533373532181883,"Iowa","County"
"31",19061,0.929443606537055,0.706012435100314,0.301693033583125,0.919496221662468,0.63429667168881,"Dubuque County, Iowa",0.449559641254754,"Iowa","County"
"32",19063,0.957072557847346,0.861494446314372,0.374389051808407,0.893480257116621,0.597865243495664,"Emmet County, Iowa",0.554809118847084,"Iowa","County"
"33",19065,0.954237543278639,0.423703703703704,0.391385767790262,0.871621621621622,0.586209068010076,"Fayette County, Iowa",0.535764322365176,"Iowa","County"
"34",19067,0.94375078824568,0.531165140511525,0.323918269230769,0.743311641359364,0.620706655710764,"Floyd County, Iowa",0.53872216890698,"Iowa","County"
"35",19069,0.92132747681796,0.829370832125254,0.35,0.836986301369863,0.599613650998068,"Franklin County, Iowa",0.560685020674399,"Iowa","County"
"36",19071,0.954506314580941,0.826038702483208,0.252100840336134,0.859375,0.619485294117647,"Fremont County, Iowa",0.572046499786355,"Iowa","County"
"37",19073,0.961346217927358,0.581365622385423,0.307372793354102,0.863141524105754,0.650937950937951,"Greene County, Iowa",0.561215879563408,"Iowa","County"
"38",19075,0.98298355076574,0.472477064220184,0.220430107526882,0.945848375451264,0.676523582405935,"Grundy County, Iowa",0.545684303411497,"Iowa","County"
"39",19077,0.971706951470864,0.861764705882353,0.331244404655327,0.887362637362637,0.654456654456654,"Guthrie County, Iowa",0.553277143326964,"Iowa","County"
"40",19079,0.937061548643283,0.739791923033896,0.19442761962447,0.880073800738007,0.631444883618797,"Hamilton County, Iowa",0.53859570999377,"Iowa","County"
"41",19081,0.967946362968406,0.705445003280122,0.219470538001708,0.867305061559507,0.663170441001192,"Hancock County, Iowa",0.562257821858058,"Iowa","County"
"42",19083,0.953757225433526,0.877182298010556,0.233065442020666,0.894074074074074,0.607785336356765,"Hardin County, Iowa",0.534753646835291,"Iowa","County"
"43",19085,0.973697235381461,0.283271375464684,0.299089726918075,0.854581673306773,0.637913832199546,"Harrison County, Iowa",0.547194782181095,"Iowa","County"
"44",19087,0.92090735722172,0.53582545282068,0.374780316344464,0.830016137708445,0.570874424720579,"Henry County, Iowa",0.524836260342373,"Iowa","County"
"45",19089,0.982081174438687,0.7847533632287,0.295019157088123,0.909090909090909,0.607365439093484,"Howard County, Iowa",0.559622409093407,"Iowa","County"
"46",19091,0.973761237716914,0.708159287106656,0.28248031496063,0.799093655589124,0.66620594333103,"Humboldt County, Iowa",0.562160397556853,"Iowa","County"
"47",19093,0.972238288027762,0.68350930115636,0.243172951885566,0.813278008298755,0.643097014925373,"Ida County, Iowa",0.566560937882214,"Iowa","County"
"48",19095,0.973406552724132,0.880551254258284,0.215481171548117,0.881315156375301,0.66819830713422,"Iowa County, Iowa",0.536424078166422,"Iowa","County"
"49",19097,0.968084557875741,0.510726795096322,0.332890070921986,0.897845726198749,0.638532716457369,"Jackson County, Iowa",0.533188763219986,"Iowa","County"
"50",19099,0.954839933859207,0.744079036405468,0.305024228513134,0.875189681335357,0.621382099525233,"Jasper County, Iowa",0.506948142188911,"Iowa","County"
"51",19101,0.833434751341484,0.835261453031004,0.362926136363636,0.845345345345345,0.603886639676113,"Jefferson County, Iowa",0.53394548297499,"Iowa","County"
"52",19103,0.821042033727662,0.77103343134052,0.246741786587021,0.952339576494819,0.683100819790019,"Johnson County, Iowa",0.431316903461744,"Iowa","County"
"53",19105,0.954297938545313,0.450139888089528,0.229156741305384,0.750332889480692,0.6,"Jones County, Iowa",0.527764292816231,"Iowa","County"
"54",19107,0.977745098039216,0.728221900748475,0.235840297121634,0.862258953168044,0.603571428571429,"Keokuk County, Iowa",0.560151925690555,"Iowa","County"
"55",19109,0.969883913764511,0.434303393599536,0.334807327858497,0.890756302521008,0.697828863346105,"Kossuth County, Iowa",0.55533134281503,"Iowa","County"
"56",19111,0.936915549636664,0.808440085794897,0.377079978529254,0.872768704899354,0.54890350877193,"Lee County, Iowa",0.509162750851273,"Iowa","County"
"57",19113,0.884162235898452,0.701942122807865,0.304722856148223,0.914207043138013,0.661581137309293,"Linn County, Iowa",0.403314548811185,"Iowa","County"
"58",19115,0.911877394636015,0.798287549054584,0.25875796178344,0.84021164021164,0.596710942441493,"Louisa County, Iowa",0.550306728413065,"Iowa","County"
"59",19117,0.991276026520879,0.821688500727802,0.297482837528604,0.866459627329193,0.627439024390244,"Lucas County, Iowa",0.561083602867596,"Iowa","County"
"60",19119,0.968901351006882,0.594029850746269,0.168757841907152,0.926739926739927,0.731100478468899,"Lyon County, Iowa",0.55400754025416,"Iowa","County"
"61",19121,0.972750157331655,0.725984580120859,0.195369030390738,0.779036827195467,0.701702313400262,"Madison County, Iowa",0.537238724876247,"Iowa","County"
"62",19123,0.951413904899135,0.62987012987013,0.315593598809081,0.90081799591002,0.595614814814815,"Mahaska County, Iowa",0.528009053262107,"Iowa","County"
"63",19125,0.955099828349444,0.823413196186653,0.234074823053589,0.94021294021294,0.658418418418418,"Marion County, Iowa",0.50704534835778,"Iowa","County"
"64",19127,0.850388617119019,0.824670023132399,0.30290736984449,0.838117106773823,0.623765317489788,"Marshall County, Iowa",0.495503796124552,"Iowa","County"
"65",19129,0.965701678144013,0.574765380604797,0.260924635845472,0.823583180987203,0.635048802129548,"Mills County, Iowa",0.53486315884766,"Iowa","County"
"66",19131,0.977048255103001,0.65220988760946,0.253034547152194,0.745721271393643,0.627300802964793,"Mitchell County, Iowa",0.558979543908716,"Iowa","County"
"67",19133,0.967712596634834,0.695694626674397,0.343909928352098,0.804276315789474,0.610769230769231,"Monona County, Iowa",0.568571669047862,"Iowa","County"
"68",19135,0.960447666285133,0.695225259915287,0.220212765957447,0.911231884057971,0.617725752508361,"Monroe County, Iowa",0.568815817565196,"Iowa","County"
"69",19137,0.950664697193501,0.848003152916448,0.440532081377152,0.798090040927694,0.598613736609956,"Montgomery County, Iowa",0.548933496851678,"Iowa","County"
"70",19139,0.914155995343423,0.567738149572928,0.378420123565755,0.866759002770083,0.587242394504416,"Muscatine County, Iowa",0.485205123501669,"Iowa","County"
"71",19141,0.940478757817554,0.853890976324627,0.233112582781457,0.89334637964775,0.670175438596491,"O'Brien County, Iowa",0.548559729384723,"Iowa","County"
"72",19143,0.945870809484873,0.641925089695834,0.298245614035088,0.885,0.679074889867841,"Osceola County, Iowa",0.574898672832828,"Iowa","County"
"73",19145,0.939074399531342,0.514167650531287,0.285896617740906,0.810480349344978,0.555325321176958,"Page County, Iowa",0.539991806663282,"Iowa","County"
"74",19147,0.96134732192159,0.661485319516408,0.237345331833521,0.968253968253968,0.646320346320346,"Palo Alto County, Iowa",0.572171527535676,"Iowa","County"
"75",19149,0.947681616677982,0.769861061631635,0.29935691318328,0.862576064908722,0.684554617270498,"Plymouth County, Iowa",0.527591564747239,"Iowa","County"
"76",19151,0.961148158886634,0.625816172777499,0.266187050359712,0.878995433789954,0.679332715477294,"Pocahontas County, Iowa",0.580878432538319,"Iowa","County"
"77",19153,0.843350046597536,0.471045699711502,0.313259028087383,0.875686434378072,0.660635250027101,"Polk County, Iowa",0.321304639149417,"Iowa","County"
"78",19155,0.929435419184411,0.752889597449183,0.373161394317953,0.892182962245886,0.574841132293472,"Pottawattamie County, Iowa",0.462698398532143,"Iowa","County"
"79",19157,0.938134909970438,0.740317045268835,0.29492385786802,0.94824016563147,0.640803602355386,"Poweshiek County, Iowa",0.534568404585623,"Iowa","County"
"80",19159,0.96669341894061,0.741177075830847,0.286307053941909,0.839116719242902,0.674607329842932,"Ringgold County, Iowa",0.591996259880607,"Iowa","County"
"81",19161,0.974158897446291,0.897509698410712,0.336917562724014,0.89766081871345,0.644588464031108,"Sac County, Iowa",0.560510987307783,"Iowa","County"
"82",19163,0.857952962481426,0.750444444444444,0.318331331906229,0.872488250119202,0.627253024392166,"Scott County, Iowa",0.399753824447875,"Iowa","County"
"83",19165,0.969557037797161,0.699776354460616,0.315294117647059,0.772327044025157,0.663436123348018,"Shelby County, Iowa",0.550515973381322,"Iowa","County"
"84",19167,0.932491026561378,0.893639956881064,0.161662262791256,0.941139767054909,0.719368421052632,"Sioux County, Iowa",0.513365906683528,"Iowa","County"
"85",19169,0.865561998307918,0.603566878980892,0.207439365671642,0.98273821266522,0.623509110988404,"Story County, Iowa",0.450593843369781,"Iowa","County"
"86",19171,0.882002801120448,0.556923076923077,0.322285714285714,0.873436350257542,0.635811599844297,"Tama County, Iowa",0.539542589867537,"Iowa","County"
"87",19173,0.954362199645219,0.793801391524352,0.243822075782537,0.769931662870159,0.617653390742734,"Taylor County, Iowa",0.584337719450712,"Iowa","County"
"88",19175,0.96868224524211,0.277749096541043,0.309090909090909,0.833046471600688,0.572464529689963,"Union County, Iowa",0.545931758427694,"Iowa","County"
"89",19177,0.976602519728645,0.752578131150122,0.199680511182109,0.769722814498934,0.598402839396628,"Van Buren County, Iowa",0.576027093434291,"Iowa","County"
"90",19179,0.874076171598471,0.829052258635961,0.377739473036198,0.836567616737417,0.562350167026921,"Wapello County, Iowa",0.504468980068073,"Iowa","County"
"91",19181,0.961953769169993,0.840860215053763,0.239054010866091,0.892548026176905,0.704412175370008,"Warren County, Iowa",0.48948117779152,"Iowa","County"
"92",19183,0.962245404868356,0.751932989690722,0.274738067520373,0.809322033898305,0.617582417582418,"Washington County, Iowa",0.525259204939319,"Iowa","County"
"93",19185,0.970840480274443,0.680493567865581,0.291291291291291,0.704444444444444,0.57603305785124,"Wayne County, Iowa",0.583150792676925,"Iowa","County"
"94",19187,0.916097614059907,0.553019725317966,0.429336734693878,0.886380014412683,0.57487702037948,"Webster County, Iowa",0.509644938015365,"Iowa","County"
"95",19189,0.950525021284647,0.867916918733616,0.319516407599309,0.926099158091674,0.658665033680343,"Winnebago County, Iowa",0.552619018784861,"Iowa","County"
"96",19191,0.968481937159943,0.554360812425329,0.182222222222222,0.975381738859458,0.638626092196445,"Winneshiek County, Iowa",0.532113634077325,"Iowa","County"
"97",19193,0.861716049141585,0.314563106796117,0.398699267308801,0.862920684904546,0.583646991730824,"Woodbury County, Iowa",0.455414328076947,"Iowa","County"
"98",19195,0.969288289491254,0.695064232589587,0.34647550776583,0.864600326264274,0.672804054054054,"Worth County, Iowa",0.57148707789629,"Iowa","County"
"99",19197,0.931349578256795,0.862362204724409,0.392,0.892688679245283,0.608222103577149,"Wright County, Iowa",0.551955245047169,"Iowa","County"
"100",41001,0.929366866866867,0.704133021371301,0.254755434782609,0.83298969072165,0.630357845064884,"Baker County, Oregon",0.587094303494863,"Oregon","County"
"101",41003,0.856382267765649,0.803238981762918,0.243402545210985,0.968822843822844,0.631861292234736,"Benton County, Oregon",0.459028513820843,"Oregon","County"
"102",41005,0.880361173814898,0.603629032258065,0.241641131939438,0.855788200852797,0.64877558666258,"Clackamas County, Oregon",0.411316456259838,"Oregon","County"
"103",41007,0.912037757377729,0.75204701863666,0.318445475638051,0.780166880616175,0.599551801413549,"Clatsop County, Oregon",0.518828168539561,"Oregon","County"
"104",41009,0.928359324300407,0.790318783771207,0.315714864317537,0.854869684499314,0.617317845828933,"Columbia County, Oregon",0.492026486809732,"Oregon","County"
"105",41011,0.883158526568522,0.525499474237645,0.365779057214825,0.775331386205347,0.566203379662034,"Coos County, Oregon",0.52171466462009,"Oregon","County"
"106",41013,0.927832743877871,0.814213197969543,0.332351497299951,0.720763723150358,0.65886524822695,"Crook County, Oregon",0.56775235199773,"Oregon","County"
"107",41015,0.907273292753366,0.663382594417077,0.347240051347882,0.744274809160305,0.618093959731544,"Curry County, Oregon",0.574449246876873,"Oregon","County"
"108",41017,0.934914747564216,0.54108421411524,0.284875747435405,0.860986547085202,0.676693922991286,"Deschutes County, Oregon",0.467260722461976,"Oregon","County"
"109",41019,0.925168246817389,0.721529373153922,0.375832223701731,0.816563258699757,0.572009400705053,"Douglas County, Oregon",0.514095438158122,"Oregon","County"
"110",41021,0.929732564237022,0.452562597809077,0.308108108108108,0.630769230769231,0.636363636363636,"Gilliam County, Oregon",0.662073690455135,"Oregon","County"
"111",41023,0.946818877906167,0.557435230095824,0.317460317460317,0.792105263157895,0.677358490566038,"Grant County, Oregon",0.634653680132775,"Oregon","County"
"112",41025,0.909103486441616,0.828641235619836,0.333778371161549,0.740506329113924,0.641391614629795,"Harney County, Oregon",0.653299800739809,"Oregon","County"
"113",41027,0.865980718516277,0.742058610938511,0.189677419354839,0.6656,0.672764786795048,"Hood River County, Oregon",0.528352141455753,"Oregon","County"
"114",41029,0.913668460378873,0.652109335165931,0.369371011850501,0.818854857006388,0.615327325071974,"Jackson County, Oregon",0.453997129032304,"Oregon","County"
"115",41031,0.71071166227369,0.357502828345161,0.423893268647665,0.83744635193133,0.53042933249765,"Jefferson County, Oregon",0.551247182555579,"Oregon","County"
"116",41033,0.920508651045261,0.600515921381155,0.340940335441298,0.815016704765254,0.61087828126182,"Josephine County, Oregon",0.482899974492384,"Oregon","County"
"117",41035,0.879942693409742,0.832033593281344,0.328767123287671,0.838941875112471,0.554341287347102,"Klamath County, Oregon",0.535048339397938,"Oregon","County"
"118",41037,0.910493433635089,0.629430973123972,0.382864792503347,0.862869198312236,0.590960451977401,"Lake County, Oregon",0.633704792986764,"Oregon","County"
"119",41039,0.86998010203805,0.314358693669038,0.360879922359792,0.898186245696532,0.608045524498049,"Lane County, Oregon",0.44152825614723,"Oregon","County"
"120",41041,0.881852927048307,0.568731410836674,0.395356037151703,0.854283707865168,0.608284981783835,"Lincoln County, Oregon",0.502623769194374,"Oregon","County"
"121",41043,0.904118173679499,0.495047276001801,0.3394678138942,0.814984391259105,0.577487380818845,"Linn County, Oregon",0.474986936057456,"Oregon","County"
"122",41045,0.890736420097926,0.548070611807787,0.399390243902439,0.729838709677419,0.461726583516752,"Malheur County, Oregon",0.581379899093684,"Oregon","County"
"123",41047,0.810569418243914,0.362168567619612,0.346580778742739,0.845041846309916,0.559008073817762,"Marion County, Oregon",0.407746526620009,"Oregon","County"
"124",41049,0.885956308515381,0.498335871833926,0.226027397260274,0.722222222222222,0.569383092155369,"Morrow County, Oregon",0.590098573109496,"Oregon","County"
"125",41051,0.778114736548187,0.883622350674374,0.308675752384362,0.88881362194784,0.631601538205485,"Multnomah County, Oregon",0.279040156112251,"Oregon","County"
"126",41053,0.879806452405222,0.649179702403663,0.274909963985594,0.86329552009229,0.624238679495101,"Polk County, Oregon",0.469112188414613,"Oregon","County"
"127",41055,0.954517133956386,0.622653975595152,0.409090909090909,0.721153846153846,0.667142857142857,"Sherman County, Oregon",0.65039599358352,"Oregon","County"
"128",41057,0.924911796287774,0.58203850288283,0.355894217839534,0.839307048984468,0.623246391491517,"Tillamook County, Oregon",0.534808384649069,"Oregon","County"
"129",41059,0.854846680017686,0.378602305475504,0.354827625701523,0.774377224199288,0.482481467030823,"Umatilla County, Oregon",0.514538281236197,"Oregon","County"
"130",41061,0.920585523282619,0.491484672410339,0.338842975206612,0.876016260162602,0.59851396361773,"Union County, Oregon",0.557404149818585,"Oregon","County"
"131",41063,0.950606585788561,0.806022282445047,0.373040752351097,0.800904977375566,0.713591359135914,"Wallowa County, Oregon",0.607417311959109,"Oregon","County"
"132",41065,0.872148766720792,0.481980115990058,0.338229755178908,0.746975806451613,0.574661613427179,"Wasco County, Oregon",0.558772029821363,"Oregon","County"
"133",41067,0.761390530764617,0.540203069036901,0.244401421677695,0.866852088082143,0.626460185197451,"Washington County, Oregon",0.353531840854787,"Oregon","County"
"134",41069,0.938288920056101,0.495987654320988,0.253164556962025,0.88785046728972,0.621666666666667,"Wheeler County, Oregon",0.672118955028764,"Oregon","County"
"135",41071,0.8831342708534,0.725251131048233,0.300794663004022,0.869085468487002,0.582531316311863,"Yamhill County, Oregon",0.458224596685246,"Oregon","County"
"136",51001,0.683281412253375,0.647487533563483,0.404704254583189,0.766990291262136,0.625683952633728,"Accomack County, Virginia",0.509618690522655,"Virginia","County"
"137",51003,0.815561092567345,0.413515862668405,0.235047619047619,0.943532553208199,0.679813905401913,"Albemarle County, Virginia",0.454362365506675,"Virginia","County"
"138",51005,0.920122988355358,0.714078374455733,0.307748008689356,0.893557422969188,0.554112554112554,"Alleghany County, Virginia",0.53159071078178,"Virginia","County"
"139",51007,0.757585187490275,0.3660641754671,0.306837606837607,0.814708691499522,0.679522862823062,"Amelia County, Virginia",0.538188618516097,"Virginia","County"
"140",51009,0.771720720155574,0.843330950053259,0.31214742384355,0.918071476736345,0.584378089776547,"Amherst County, Virginia",0.492995377508445,"Virginia","County"
"141",51011,0.778391217821147,0.54816247582205,0.294864715626726,0.871503496503496,0.651072780816155,"Appomattox County, Virginia",0.530026019432064,"Virginia","County"
"142",51013,0.714438553426832,0.692100476596137,0.196964253637507,0.917300534067001,0.699382908433585,"Arlington County, Virginia",0.122634988202972,"Virginia","County"
"143",51015,0.927444077053855,0.698865589549673,0.228367404088491,0.850217202432667,0.584212317114665,"Augusta County, Virginia",0.474720046843127,"Virginia","County"
"144",51017,0.941725472342363,0.734861509073544,0.304918032786885,0.923333333333333,0.6,"Bath County, Virginia",0.589195951326324,"Virginia","County"
"145",51019,0.895504954561791,0.428092174008689,0.222163378789885,0.901505971957763,0.671935510678966,"Bedford County, Virginia",0.472303701127138,"Virginia","County"
"146",51021,0.968512486427796,0.787421022400919,0.228915662650602,0.825581395348837,0.547692307692308,"Bland County, Virginia",0.566764603850212,"Virginia","County"
"147",51023,0.935735356089338,0.616707242848448,0.192307692307692,0.856367432150313,0.683457640084146,"Botetourt County, Virginia",0.495866372768947,"Virginia","County"
"148",51025,0.417761776177618,0.535660547697863,0.564724919093851,0.884882985452245,0.560461653015637,"Brunswick County, Virginia",0.533486065696971,"Virginia","County"
"149",51027,0.952344385219984,0.636249608027595,0.361046511627907,0.846051758460518,0.477468890653958,"Buchanan County, Virginia",0.532383538071175,"Virginia","County"
"150",51029,0.612502940484592,0.880884389061959,0.389563974267334,0.860172820109976,0.52120765832106,"Buckingham County, Virginia",0.537537055053376,"Virginia","County"
"151",51031,0.815805691499003,0.621775025799794,0.304189750692521,0.925356254241122,0.613072965388213,"Campbell County, Virginia",0.471233470152082,"Virginia","County"
"152",51033,0.65842830638749,0.540058266569556,0.34914089347079,0.920324603467355,0.602306498114881,"Caroline County, Virginia",0.511818251464401,"Virginia","County"
"153",51035,0.973838186831663,0.463616805871931,0.334718549301096,0.903788634097707,0.558125791473195,"Carroll County, Virginia",0.512840638507655,"Virginia","County"
"154",51036,0.431165117941387,0.691142061281337,0.284403669724771,0.919831223628692,0.673791348600509,"Charles City County, Virginia",0.546866478320635,"Virginia","County"
"155",51037,0.688135593220339,0.5007627577383,0.454323995127893,0.831,0.590566037735849,"Charlotte County, Virginia",0.545251723977122,"Virginia","County"
"156",51041,0.682624975327518,0.81753523858787,0.286516001820112,0.864227882125414,0.697349033436182,"Chesterfield County, Virginia",0.290190881939427,"Virginia","County"
"157",51043,0.898155238426732,0.739634574841883,0.298221614227086,0.885864793678665,0.703649635036496,"Clarke County, Virginia",0.515899363694967,"Virginia","County"
"158",51045,0.995892822217876,0.533178580004803,0.127862595419847,0.996845425867508,0.651518833535844,"Craig County, Virginia",0.57316929600537,"Virginia","County"
"159",51047,0.761922695738355,0.461188980183664,0.266201578850744,0.861481481481482,0.611914770256559,"Culpeper County, Virginia",0.481881924548318,"Virginia","County"
"160",51049,0.634273451870018,0.495461881904123,0.360084477296726,0.969411764705882,0.613082901554404,"Cumberland County, Virginia",0.547471838790483,"Virginia","County"
"161",51051,0.984024064171123,0.716550154446431,0.301310043668122,0.939336492890995,0.517292612463888,"Dickenson County, Virginia",0.538355592800423,"Virginia","County"
"162",51053,0.645365267768829,0.503741250301714,0.325732899022801,0.922517123287671,0.605499541704858,"Dinwiddie County, Virginia",0.503882667728091,"Virginia","County"
"163",51057,0.555364262413918,0.416501650165017,0.471090047393365,0.932572614107884,0.590795454545455,"Essex County, Virginia",0.538052291407379,"Virginia","County"
"164",51059,0.619801509187786,0.521255060728745,0.185489314670168,0.871518654755649,0.716286183176787,"Fairfax County, Virginia",0.156363744197581,"Virginia","County"
"165",51061,0.869116689575345,0.562376725838264,0.224394162538492,0.884440227703985,0.708263545555443,"Fauquier County, Virginia",0.470371538771142,"Virginia","County"
"166",51063,0.957232222647772,0.483777415261918,0.200607902735562,0.863725490196078,0.619583843329253,"Floyd County, Virginia",0.531752678578699,"Virginia","County"
"167",51065,0.806864013393197,0.514016595649249,0.211353088182792,0.902896995708155,0.632920792079208,"Fluvanna County, Virginia",0.501010706066598,"Virginia","County"
"168",51067,0.888570768054345,0.617407816294988,0.295316070068545,0.903972064600611,0.580947025081543,"Franklin County, Virginia",0.488644677798284,"Virginia","County"
"169",51069,0.909985555412023,0.526521893912424,0.250758889852559,0.861436950146628,0.631006722549589,"Frederick County, Virginia",0.446140835919103,"Virginia","County"
"170",51071,0.966456524324967,0.658073479468972,0.385399892646269,0.868576242628475,0.592536750848097,"Giles County, Virginia",0.522125170499676,"Virginia","County"
"171",51073,0.878878394015231,0.528965517241379,0.235983981693364,0.906968259759212,0.634648370497427,"Gloucester County, Virginia",0.468847722299596,"Virginia","County"
"172",51075,0.799306111555911,0.485503126776578,0.178442496132027,0.802535023348899,0.75737517831669,"Goochland County, Virginia",0.513724800590968,"Virginia","County"
"173",51077,0.924546202011258,0.47463503649635,0.328410078192876,0.87342908438061,0.569255795038634,"Grayson County, Virginia",0.541157960414541,"Virginia","County"
"174",51079,0.869757856774858,0.480743367159799,0.219061876247505,0.914653784219002,0.636454969501256,"Greene County, Virginia",0.49175955230197,"Virginia","County"
"175",51081,0.378848957886611,0.683493408899031,0.378984651711924,0.794273594909862,0.449267782426778,"Greensville County, Virginia",0.537995038479617,"Virginia","County"
"176",51083,0.605566577532419,0.461758172008886,0.343892880470281,0.879440665154951,0.600723719920391,"Halifax County, Virginia",0.511987863955417,"Virginia","County"
"177",51085,0.865580331070666,0.464596949891068,0.183834232382909,0.913956271075819,0.762133539971587,"Hanover County, Virginia",0.431950177203492,"Virginia","County"
"178",51087,0.570479237936138,0.8226313466579,0.322755940984345,0.856226928307752,0.672197211416583,"Henrico County, Virginia",0.256493552705117,"Virginia","County"
"179",51089,0.719527797162131,0.602044293015332,0.383625730994152,0.847156726768377,0.573044436283511,"Henry County, Virginia",0.464433147168306,"Virginia","County"
"180",51091,0.995031616982836,0.597692105953318,0.283018867924528,0.927272727272727,0.6921875,"Highland County, Virginia",0.607632836717233,"Virginia","County"
"181",51093,0.724018475750577,0.479821369500496,0.31259679917398,0.89906103286385,0.715277777777778,"Isle of Wight County, Virginia",0.48261509767149,"Virginia","County"
"182",51095,0.803878467492886,0.464379125669448,0.24571749508565,0.898447488584475,0.730099367660343,"James City County, Virginia",0.379013767551156,"Virginia","County"
"183",51097,0.684344866704481,0.635535250649091,0.349122807017544,0.869980879541109,0.631886625332152,"King and Queen County, Virginia",0.561606371498609,"Virginia","County"
"184",51099,0.777327153341058,0.598283931357254,0.212454212454212,0.851141552511416,0.614235453315291,"King George County, Virginia",0.488940378063319,"Virginia","County"
"185",51101,0.773716433290901,0.73437170233422,0.268418341061309,0.850931677018634,0.713643790849673,"King William County, Virginia",0.523673379666305,"Virginia","County"
"186",51103,0.681784524250278,0.529396342662384,0.347763347763348,0.889692585895118,0.690280777537797,"Lancaster County, Virginia",0.526699857446571,"Virginia","County"
"187",51105,0.934407889284826,0.510864933958245,0.312282446544008,0.849367088607595,0.459303781617831,"Lee County, Virginia",0.516449049226234,"Virginia","County"
"188",51107,0.661538701209681,0.695609799317769,0.137043058687785,0.854251883745963,0.767906453789071,"Loudoun County, Virginia",0.360929378200601,"Virginia","County"
"189",51109,0.787196156020351,0.815360700097876,0.271392879450344,0.849498327759197,0.625794392523364,"Louisa County, Virginia",0.505149901741973,"Virginia","County"
"190",51111,0.623228538849976,0.467797294568948,0.368253968253968,0.808870116156283,0.550811359026369,"Lunenburg County, Virginia",0.545765410535847,"Virginia","County"
"191",51113,0.857599512900525,0.409178490103346,0.215867158671587,0.902208201892745,0.648262359275575,"Madison County, Virginia",0.535522746225792,"Virginia","County"
"192",51115,0.863119599818099,0.725955800650232,0.146706586826347,0.905691056910569,0.690217391304348,"Mathews County, Virginia",0.522823619253783,"Virginia","County"
"193",51117,0.621162511751548,0.5247084952804,0.482913669064748,0.842360193747248,0.583386709367494,"Mecklenburg County, Virginia",0.513537346275991,"Virginia","County"
"194",51119,0.777663551401869,0.525394424032851,0.313846153846154,0.888888888888889,0.639867109634552,"Middlesex County, Virginia",0.523991578495187,"Virginia","County"
"195",51121,0.8588834352072,0.434604105571847,0.273637664195604,0.982560926151237,0.517974284964576,"Montgomery County, Virginia",0.427220791865203,"Virginia","County"
"196",51125,0.842492573588982,0.458774758175956,0.370967741935484,0.849942726231386,0.672930072930073,"Nelson County, Virginia",0.536349871828741,"Virginia","County"
"197",51127,0.8150973795195,0.69078161102701,0.173700577521102,0.819316688567674,0.746734955185659,"New Kent County, Virginia",0.512206592258521,"Virginia","County"
"198",51131,0.621811491176717,0.456672991777356,0.452122408687068,0.880434782608696,0.635401069518717,"Northampton County, Virginia",0.533007890403758,"Virginia","County"
"199",51133,0.703100711772887,0.45353982300885,0.382692307692308,0.872377622377622,0.699315738025415,"Northumberland County, Virginia",0.532487395634917,"Virginia","County"
"200",51135,0.568193548387097,0.475844330127488,0.414540816326531,0.8336727766463,0.538132455779515,"Nottoway County, Virginia",0.52548377330947,"Virginia","County"
"201",51137,0.819274401887004,0.438782263401721,0.357740055738536,0.874380750176929,0.622751322751323,"Orange County, Virginia",0.492711237595923,"Virginia","County"
"202",51139,0.954819150280012,0.532977355878572,0.333502796136248,0.897564022485946,0.551292299493738,"Page County, Virginia",0.509199110659766,"Virginia","County"
"203",51141,0.922504059577804,0.659139784946237,0.33109756097561,0.927586206896552,0.560272572402044,"Patrick County, Virginia",0.528265518101012,"Virginia","County"
"204",51143,0.749237953174655,0.642353820191428,0.352334074309305,0.822587917042381,0.62480698902885,"Pittsylvania County, Virginia",0.492254377424344,"Virginia","County"
"205",51145,0.865122139007489,0.576533650982728,0.158243290345068,0.705077262693157,0.708351843625056,"Powhatan County, Virginia",0.500290810249731,"Virginia","County"
"206",51147,0.638743683568566,0.841347770529289,0.332123411978221,0.959382871536524,0.460625331213567,"Prince Edward County, Virginia",0.514591977386143,"Virginia","County"
"207",51149,0.585448883728295,0.492619626926196,0.254503195816386,0.822405174948545,0.5419624217119,"Prince George County, Virginia",0.47257837289541,"Virginia","County"
"208",51153,0.577430930335918,0.626086956521739,0.215738842453872,0.862330718987214,0.673374979510809,"Prince William County, Virginia",0.26830557422111,"Virginia","County"
"209",51155,0.920546824794064,0.754241396025206,0.297907128842381,0.917830075787794,0.521742260619151,"Pulaski County, Virginia",0.481507798828176,"Virginia","County"
"210",51157,0.902482269503546,0.780940964938568,0.25531914893617,0.82156862745098,0.73327630453379,"Rappahannock County, Virginia",0.55411788663442,"Virginia","County"
"211",51159,0.647105203874747,0.628527283077173,0.159642401021711,0.871345029239766,0.502115655853315,"Richmond County, Virginia",0.544621211571335,"Virginia","County"
"212",51161,0.882072598655739,0.676605504587156,0.279413232212354,0.880037868542061,0.673194377120698,"Roanoke County, Virginia",0.395852301390076,"Virginia","County"
"213",51163,0.936025589764094,0.475806451612903,0.242669362992922,0.900128040973111,0.556873462694725,"Rockbridge County, Virginia",0.525952933298547,"Virginia","County"
"214",51165,0.937213634761593,0.425925925925926,0.24665711556829,0.889518413597734,0.606501415215713,"Rockingham County, Virginia",0.470365853128134,"Virginia","County"
"215",51167,0.973292469352014,0.529198836649719,0.276605504587156,0.856559469116896,0.533228346456693,"Russell County, Virginia",0.512729667928516,"Virginia","County"
"216",51169,0.979871870598392,0.514360437470281,0.242753623188406,0.895750332005312,0.543884892086331,"Scott County, Virginia",0.519825635509139,"Virginia","County"
"217",51171,0.939110233476594,0.348507778921242,0.316789361196865,0.922435897435897,0.594535686876439,"Shenandoah County, Virginia",0.49401178468644,"Virginia","County"
"218",51173,0.95650214108632,0.588620414509892,0.351485148514851,0.898563343491511,0.497395833333333,"Smyth County, Virginia",0.50767116805039,"Virginia","County"
"219",51175,0.620714644071576,0.518927444794953,0.399592252803262,0.883018867924528,0.589883800410116,"Southampton County, Virginia",0.534112510775829,"Virginia","County"
"220",51177,0.723640154628192,0.585052661953542,0.243037453697352,0.861027457927369,0.638000216896215,"Spotsylvania County, Virginia",0.420646449638477,"Virginia","County"
"221",51179,0.680012776713052,0.692600652883569,0.243668831168831,0.875008817098117,0.632238256063862,"Stafford County, Virginia",0.380210370585739,"Virginia","County"
"222",51181,0.528333333333333,0.560753197536712,0.366548042704626,0.806896551724138,0.750642201834862,"Surry County, Virginia",0.55748662294199,"Virginia","County"
"223",51183,0.395002611875326,0.507580824972129,0.474820143884892,0.792300805729633,0.468343616516374,"Sussex County, Virginia",0.546214499267288,"Virginia","County"
"224",51185,0.946791825095057,0.461359093937375,0.263172804532578,0.859154929577465,0.520547550432277,"Tazewell County, Virginia",0.493094159443667,"Virginia","County"
"225",51187,0.898552561535147,0.615972367594725,0.332080536912752,0.90468085106383,0.573721639011175,"Warren County, Virginia",0.464198139883103,"Virginia","County"
"226",51191,0.961585119288314,0.456208425720621,0.284635788614568,0.911600928074246,0.567488021902806,"Washington County, Virginia",0.479745799228121,"Virginia","County"
"227",51193,0.674793060437691,0.756867071152785,0.242616033755274,0.929188255613126,0.602472727272727,"Westmoreland County, Virginia",0.521100388523731,"Virginia","County"
"228",51195,0.922434336963485,0.570775116433799,0.372630485588159,0.878161544737558,0.465439093484419,"Wise County, Virginia",0.492592382076102,"Virginia","County"
"229",51197,0.94813407049067,0.605335282294902,0.344658361645904,0.862431215607804,0.552532873464109,"Wythe County, Virginia",0.508200166738099,"Virginia","County"
"230",51199,0.754745735126578,0.576521204671174,0.253960964408726,0.899263721552878,0.655939013083342,"York County, Virginia",0.351311939719893,"Virginia","County"
"231",51510,0.62036995623143,0.520758122743682,0.285597269624573,0.845391903531438,0.699499132159683,"Alexandria city, Virginia",0.128223965633982,"Virginia","City"
"232",51520,0.878940806269667,0.499654138805626,0.493521126760563,0.917893106119287,0.498296296296296,"Bristol city, Virginia",0.217342030158274,"Virginia","City"
"233",51530,0.887326144710111,0.735540486637415,0.247376311844078,0.980961015412511,0.408269230769231,"Buena Vista city, Virginia",0.365907092466705,"Virginia","City"
"234",51540,0.704221759278942,0.690525477707006,0.374102500618965,0.953420058749475,0.598508105006455,"Charlottesville city, Virginia",0.167821073863183,"Virginia","City"
"235",51550,0.613716255991927,0.445753372601178,0.314778448245082,0.8865890881343,0.620089519269895,"Chesapeake city, Virginia",0.352815840303701,"Virginia","City"
"236",51570,0.766384357414881,0.748901318417899,0.437768240343348,0.898518518518518,0.607167106752169,"Colonial Heights city, Virginia",0.199108116412333,"Virginia","City"
"237",51580,0.825689716947331,0.615000712961643,0.301470588235294,0.875527426160338,0.506830907054871,"Covington city, Virginia",0.241732373185471,"Virginia","City"
"238",51590,0.452736558103681,0.799531767577395,0.570621468926554,0.840934065934066,0.566990890844527,"Danville city, Virginia",0.295194910893459,"Virginia","City"
"239",51595,0.257201263705631,0.628737962493664,0.770134228187919,0.825958702064897,0.577584059775841,"Emporia city, Virginia",0.348058782949267,"Virginia","City"
"240",51600,0.68975487115022,0.786118363794604,0.123220821472143,0.970671712393567,0.702793650793651,"Fairfax city, Virginia",0.184825156342446,"Virginia","City"
"241",51610,0.801592379327504,0.451386321626617,0.223386651958081,0.941757156959526,0.744450234497134,"Falls Church city, Virginia",0.187815907194522,"Virginia","City"
"242",51620,0.371331141152113,0.418058455114823,0.611168562564633,0.89198606271777,0.628389154704944,"Franklin city, Virginia",0.309033986906131,"Virginia","City"
"243",51630,0.626435772243493,0.439426523297491,0.428626247122026,0.936685630390897,0.497785186949274,"Fredericksburg city, Virginia",0.228714140016164,"Virginia","City"
"244",51640,0.876619463693884,0.859143798024149,0.357392316647264,0.854237288135593,0.473367875647668,"Galax city, Virginia",0.348417914639536,"Virginia","City"
"245",51650,0.414255474506391,0.537664783427495,0.469172587669035,0.917984553144538,0.564722712317009,"Hampton city, Virginia",0.164764004332202,"Virginia","City"
"246",51660,0.810604783577757,0.474530311834205,0.420418371987267,0.977476209246016,0.425135483870968,"Harrisonburg city, Virginia",0.172986090107439,"Virginia","City"
"247",51670,0.509550160656908,0.659023228111971,0.564449917898194,0.830886351277868,0.538398999374609,"Hopewell city, Virginia",0.223256801718697,"Virginia","City"
"248",51678,0.867229254571027,0.500784331642832,0.240687679083095,0.983610961848469,0.359905288082084,"Lexington city, Virginia",0.219874010553247,"Virginia","City"
"249",51680,0.649885811982878,0.786204694235989,0.442421551213736,0.952040512362228,0.538691650230112,"Lynchburg city, Virginia",0.228923663735949,"Virginia","City"
"250",51683,0.662951974334853,0.804160164352172,0.252326336290846,0.881159420289855,0.614621633176571,"Manassas city, Virginia",0.180278204054762,"Virginia","City"
"251",51685,0.636302746148694,0.456450125181183,0.300821917808219,0.815994338287332,0.583569739952719,"Manassas Park city, Virginia",0.186382138457307,"Virginia","City"
"252",51690,0.488359667200977,0.76145813556104,0.594614264919942,0.878542510121457,0.553531417437896,"Martinsville city, Virginia",0.224230634188462,"Virginia","City"
"253",51700,0.483088623053651,0.7268437526596,0.460618996798292,0.928503379757746,0.533658646447205,"Newport News city, Virginia",0.194888236506129,"Virginia","City"
"254",51710,0.470060099677514,0.53444360333081,0.471196328228885,0.950514719162001,0.417707724203923,"Norfolk city, Virginia",0.13002393444512,"Virginia","City"
"255",51720,0.901503759398496,0.625534591194969,0.458762886597938,0.912863070539419,0.454368932038835,"Norton city, Virginia",0.375055157528606,"Virginia","City"
"256",51730,0.173406227416973,0.840313532621225,0.700193423597679,0.892035988003999,0.542897441063873,"Petersburg city, Virginia",0.259709166939769,"Virginia","City"
"257",51735,0.943184649887864,0.453233447174176,0.219560878243513,0.852664576802508,0.723567567567568,"Poquoson city, Virginia",0.352807129002113,"Virginia","City"
"258",51740,0.401590582409166,0.445218198700093,0.503022310143972,0.896470839108647,0.572069825436409,"Portsmouth city, Virginia",0.158471493161644,"Virginia","City"
"259",51750,0.845320476460579,0.83869885982562,0.312710911136108,0.986776859504132,0.370372836218376,"Radford city, Virginia",0.258835915388704,"Virginia","City"
"260",51760,0.453547346360602,0.493413373353343,0.562644166565497,0.922047404985697,0.575076457139464,"Richmond city, Virginia",0.138797210654926,"Virginia","City"
"261",51770,0.625189468084039,0.424088333575476,0.534746388273753,0.861526560082517,0.509762133919978,"Roanoke city, Virginia",0.162640449420531,"Virginia","City"
"262",51775,0.872604725890513,0.671968190854871,0.395886889460154,0.95,0.572115143929912,"Salem city, Virginia",0.196638902481191,"Virginia","City"
"263",51790,0.833755929985277,0.884301913536499,0.403837767117314,0.928247048138056,0.540599173553719,"Staunton city, Virginia",0.290037713250986,"Virginia","City"
"264",51800,0.516655450874832,0.787213510253317,0.319221967963387,0.859187178019462,0.643635513290202,"Suffolk city, Virginia",0.430649053611501,"Virginia","City"
"265",51810,0.666695546891488,0.704623542885831,0.320441351735804,0.917076405881949,0.568481444212487,"Virginia Beach city, Virginia",0.249238107071152,"Virginia","City"
"266",51820,0.813326644166743,0.648410404624277,0.469758981355161,0.864130434782609,0.543292102759277,"Waynesboro city, Virginia",0.267187304974721,"Virginia","City"
"267",51830,0.745334054638896,0.521268368136118,0.430260047281324,0.989470108695652,0.575312626058895,"Williamsburg city, Virginia",0.213879789520759,"Virginia","City"
"268",51840,0.804383029256181,0.534625649669897,0.408371438621175,0.914210003312355,0.526249008723236,"Winchester city, Virginia",0.186134538990876,"Virginia","City"
